{"cameraMode":{"drawMode":0,"name":"Shaded","section":"Shading Mode"},"sceneLighting":true,"audioPlay":false,"sceneViewState":{"m_AlwaysRefresh":false,"showFog":true,"showSkybox":true,"showFlares":true,"showImageEffects":true,"showParticleSystems":true,"showVisualEffectGraphs":true,"m_FxEnabled":true},"in2DMode":false,"pivot":{"x":-5.880227088928223,"y":0.7893498539924622,"z":-1.0891430377960206},"rotation":{"x":-0.06357409805059433,"y":0.8658928275108337,"z":-0.11740458011627197,"w":-0.48351117968559267},"size":1.0366504192352296,"orthographic":false}